mode,numerator,denominator,onsets,groupedDigitsString,canonicalContour
hex,4,1,1,"0 0 0 1",""
hex,4,1,1,"0 0 0 2",""
hex,4,1,1,"0 0 0 4",""
hex,4,1,1,"0 0 0 8",""
hex,4,1,1,"0 0 1 0",""
hex,4,1,1,"0 0 2 0",""
hex,4,1,1,"0 0 4 0",""
hex,4,1,1,"0 0 8 0",""
hex,4,1,1,"0 1 0 0",""
hex,4,1,1,"0 2 0 0",""
hex,4,1,1,"0 4 0 0",""
hex,4,1,1,"0 8 0 0",""
hex,4,1,1,"1 0 0 0",""
hex,4,1,1,"2 0 0 0",""
hex,4,1,1,"4 0 0 0",""
hex,4,1,1,"8 0 0 0",""
hex,4,1,2,"0 0 0 3","DU"
hex,4,1,2,"0 0 0 5","DU"
hex,4,1,2,"0 0 0 6","DU"
hex,4,1,2,"0 0 0 9","DU"
hex,4,1,2,"0 0 0 A","DU"
hex,4,1,2,"0 0 0 C","DU"
hex,4,1,2,"0 0 1 1","DU"
hex,4,1,2,"0 0 1 2","DU"
hex,4,1,2,"0 0 1 4","DU"
hex,4,1,2,"0 0 1 8","DU"
hex,4,1,2,"0 0 2 1","DU"
hex,4,1,2,"0 0 2 2","DU"
hex,4,1,2,"0 0 2 4","DU"
hex,4,1,2,"0 0 2 8","DU"
hex,4,1,2,"0 0 3 0","DU"
hex,4,1,2,"0 0 4 1","DU"
hex,4,1,2,"0 0 4 2","DU"
hex,4,1,2,"0 0 4 4","DU"
hex,4,1,2,"0 0 4 8","DU"
hex,4,1,2,"0 0 5 0","DU"
hex,4,1,2,"0 0 6 0","DU"
hex,4,1,2,"0 0 8 1","DU"
hex,4,1,2,"0 0 8 2","DU"
hex,4,1,2,"0 0 8 4","DU"
hex,4,1,2,"0 0 8 8","DU"
hex,4,1,2,"0 0 9 0","DU"
hex,4,1,2,"0 0 A 0","DU"
hex,4,1,2,"0 0 C 0","DU"
hex,4,1,2,"0 1 0 2","DU"
hex,4,1,2,"0 1 0 4","DU"
hex,4,1,2,"0 1 0 8","DU"
hex,4,1,2,"0 1 1 0","DU"
hex,4,1,2,"0 1 2 0","DU"
hex,4,1,2,"0 1 4 0","DU"
hex,4,1,2,"0 1 8 0","DU"
hex,4,1,2,"0 2 0 1","DU"
hex,4,1,2,"0 2 0 4","DU"
hex,4,1,2,"0 2 0 8","DU"
hex,4,1,2,"0 2 1 0","DU"
hex,4,1,2,"0 2 2 0","DU"
hex,4,1,2,"0 2 4 0","DU"
hex,4,1,2,"0 2 8 0","DU"
hex,4,1,2,"0 3 0 0","DU"
hex,4,1,2,"0 4 0 1","DU"
hex,4,1,2,"0 4 0 2","DU"
hex,4,1,2,"0 4 0 8","DU"
hex,4,1,2,"0 4 1 0","DU"
hex,4,1,2,"0 4 2 0","DU"
hex,4,1,2,"0 4 4 0","DU"
hex,4,1,2,"0 4 8 0","DU"
hex,4,1,2,"0 5 0 0","DU"
hex,4,1,2,"0 6 0 0","DU"
hex,4,1,2,"0 8 0 1","DU"
hex,4,1,2,"0 8 0 2","DU"
hex,4,1,2,"0 8 0 4","DU"
hex,4,1,2,"0 8 1 0","DU"
hex,4,1,2,"0 8 2 0","DU"
hex,4,1,2,"0 8 4 0","DU"
hex,4,1,2,"0 8 8 0","DU"
hex,4,1,2,"0 9 0 0","DU"
hex,4,1,2,"0 A 0 0","DU"
hex,4,1,2,"0 C 0 0","DU"
hex,4,1,2,"1 0 0 1","DU"
hex,4,1,2,"1 0 0 2","DU"
hex,4,1,2,"1 0 0 4","DU"
hex,4,1,2,"1 0 0 8","DU"
hex,4,1,2,"1 0 2 0","DU"
hex,4,1,2,"1 0 4 0","DU"
hex,4,1,2,"1 0 8 0","DU"
hex,4,1,2,"1 1 0 0","DU"
hex,4,1,2,"1 2 0 0","DU"
hex,4,1,2,"1 4 0 0","DU"
hex,4,1,2,"1 8 0 0","DU"
hex,4,1,2,"2 0 0 1","DU"
hex,4,1,2,"2 0 0 2","DU"
hex,4,1,2,"2 0 0 4","DU"
hex,4,1,2,"2 0 0 8","DU"
hex,4,1,2,"2 0 1 0","DU"
hex,4,1,2,"2 0 4 0","DU"
hex,4,1,2,"2 0 8 0","DU"
hex,4,1,2,"2 1 0 0","DU"
hex,4,1,2,"2 2 0 0","DU"
hex,4,1,2,"2 4 0 0","DU"
hex,4,1,2,"2 8 0 0","DU"
hex,4,1,2,"3 0 0 0","DU"
hex,4,1,2,"4 0 0 1","DU"
hex,4,1,2,"4 0 0 2","DU"
hex,4,1,2,"4 0 0 4","DU"
hex,4,1,2,"4 0 0 8","DU"
hex,4,1,2,"4 0 1 0","DU"
hex,4,1,2,"4 0 2 0","DU"
hex,4,1,2,"4 0 8 0","DU"
hex,4,1,2,"4 1 0 0","DU"
hex,4,1,2,"4 2 0 0","DU"
hex,4,1,2,"4 4 0 0","DU"
hex,4,1,2,"4 8 0 0","DU"
hex,4,1,2,"5 0 0 0","DU"
hex,4,1,2,"6 0 0 0","DU"
hex,4,1,2,"8 0 0 1","DU"
hex,4,1,2,"8 0 0 2","DU"
hex,4,1,2,"8 0 0 4","DU"
hex,4,1,2,"8 0 0 8","DU"
hex,4,1,2,"8 0 1 0","DU"
hex,4,1,2,"8 0 2 0","DU"
hex,4,1,2,"8 0 4 0","DU"
hex,4,1,2,"8 1 0 0","DU"
hex,4,1,2,"8 2 0 0","DU"
hex,4,1,2,"8 4 0 0","DU"
hex,4,1,2,"8 8 0 0","DU"
hex,4,1,2,"9 0 0 0","DU"
hex,4,1,2,"A 0 0 0","DU"
hex,4,1,2,"C 0 0 0","DU"
hex,4,1,3,"0 0 0 7","DSU"
hex,4,1,3,"0 0 0 B","DDU"
hex,4,1,3,"0 0 0 D","DDU"
hex,4,1,3,"0 0 0 E","DSU"
hex,4,1,3,"0 0 1 5","DSU"
hex,4,1,3,"0 0 1 6","DDU"
hex,4,1,3,"0 0 1 A","DDU"
hex,4,1,3,"0 0 1 C","DSU"
hex,4,1,3,"0 0 2 A","DSU"
hex,4,1,3,"0 0 2 C","DDU"
hex,4,1,3,"0 0 3 4","DDU"
hex,4,1,3,"0 0 3 8","DSU"
hex,4,1,3,"0 0 4 9","DSU"
hex,4,1,3,"0 0 5 4","DSU"
hex,4,1,3,"0 0 5 8","DDU"
hex,4,1,3,"0 0 6 8","DDU"
hex,4,1,3,"0 0 7 0","DSU"
hex,4,1,3,"0 0 9 2","DSU"
hex,4,1,3,"0 0 A 8","DSU"
hex,4,1,3,"0 0 B 0","DDU"
hex,4,1,3,"0 0 D 0","DDU"
hex,4,1,3,"0 0 E 0","DSU"
hex,4,1,3,"0 1 2 4","DSU"
hex,4,1,3,"0 1 5 0","DSU"
hex,4,1,3,"0 1 6 0","DDU"
hex,4,1,3,"0 1 A 0","DDU"
hex,4,1,3,"0 1 C 0","DSU"
hex,4,1,3,"0 2 0 5","DUS"
hex,4,1,3,"0 2 4 8","DSU"
hex,4,1,3,"0 2 8 1","DUS"
hex,4,1,3,"0 2 A 0","DSU"
hex,4,1,3,"0 2 C 0","DDU"
hex,4,1,3,"0 3 4 0","DDU"
hex,4,1,3,"0 3 8 0","DSU"
hex,4,1,3,"0 4 0 A","DUS"
hex,4,1,3,"0 4 1 1","DUS"
hex,4,1,3,"0 4 2 1","DSU"
hex,4,1,3,"0 4 4 1","DUS"
hex,4,1,3,"0 4 9 0","DSU"
hex,4,1,3,"0 5 0 2","DUS"
hex,4,1,3,"0 5 4 0","DSU"
hex,4,1,3,"0 5 8 0","DDU"
hex,4,1,3,"0 6 8 0","DDU"
hex,4,1,3,"0 7 0 0","DSU"
hex,4,1,3,"0 8 1 4","DUS"
hex,4,1,3,"0 8 2 1","DSU"
hex,4,1,3,"0 8 2 2","DUS"
hex,4,1,3,"0 8 4 1","DSU"
hex,4,1,3,"0 8 4 2","DSU"
hex,4,1,3,"0 8 8 2","DUS"
hex,4,1,3,"0 9 2 0","DSU"
hex,4,1,3,"0 A 0 4","DUS"
hex,4,1,3,"0 A 8 0","DSU"
hex,4,1,3,"0 B 0 0","DDU"
hex,4,1,3,"0 D 0 0","DDU"
hex,4,1,3,"0 E 0 0","DSU"
hex,4,1,3,"1 0 2 8","DUS"
hex,4,1,3,"1 0 4 1","DUS"
hex,4,1,3,"1 0 4 2","DSU"
hex,4,1,3,"1 0 4 4","DUS"
hex,4,1,3,"1 0 8 2","DSU"
hex,4,1,3,"1 0 8 4","DSU"
hex,4,1,3,"1 1 0 4","DUS"
hex,4,1,3,"1 2 4 0","DSU"
hex,4,1,3,"1 4 0 8","DUS"
hex,4,1,3,"1 5 0 0","DSU"
hex,4,1,3,"1 6 0 0","DDU"
hex,4,1,3,"1 A 0 0","DDU"
hex,4,1,3,"1 C 0 0","DSU"
hex,4,1,3,"2 0 0 9","DSU"
hex,4,1,3,"2 0 5 0","DUS"
hex,4,1,3,"2 0 8 2","DUS"
hex,4,1,3,"2 0 8 4","DSU"
hex,4,1,3,"2 0 8 8","DUS"
hex,4,1,3,"2 1 0 4","DSU"
hex,4,1,3,"2 1 0 8","DSU"
hex,4,1,3,"2 2 0 8","DUS"
hex,4,1,3,"2 4 0 1","DSU"
hex,4,1,3,"2 4 8 0","DSU"
hex,4,1,3,"2 8 1 0","DUS"
hex,4,1,3,"2 A 0 0","DSU"
hex,4,1,3,"2 C 0 0","DDU"
hex,4,1,3,"3 4 0 0","DDU"
hex,4,1,3,"3 8 0 0","DSU"
hex,4,1,3,"4 0 0 3","DDU"
hex,4,1,3,"4 0 0 5","DSU"
hex,4,1,3,"4 0 1 2","DSU"
hex,4,1,3,"4 0 8 1","DUS"
hex,4,1,3,"4 0 A 0","DUS"
hex,4,1,3,"4 1 0 4","DUS"
hex,4,1,3,"4 1 0 8","DSU"
hex,4,1,3,"4 1 1 0","DUS"
hex,4,1,3,"4 2 0 8","DSU"
hex,4,1,3,"4 2 1 0","DSU"
hex,4,1,3,"4 4 1 0","DUS"
hex,4,1,3,"4 8 0 2","DSU"
hex,4,1,3,"4 9 0 0","DSU"
hex,4,1,3,"5 0 0 1","DSU"
hex,4,1,3,"5 0 2 0","DUS"
hex,4,1,3,"5 4 0 0","DSU"
hex,4,1,3,"5 8 0 0","DDU"
hex,4,1,3,"6 0 0 1","DDU"
hex,4,1,3,"6 8 0 0","DDU"
hex,4,1,3,"7 0 0 0","DSU"
hex,4,1,3,"8 0 0 3","DSU"
hex,4,1,3,"8 0 0 5","DDU"
hex,4,1,3,"8 0 0 6","DDU"
hex,4,1,3,"8 0 0 A","DSU"
hex,4,1,3,"8 0 2 4","DSU"
hex,4,1,3,"8 1 0 2","DUS"
hex,4,1,3,"8 1 4 0","DUS"
hex,4,1,3,"8 2 0 8","DUS"
hex,4,1,3,"8 2 1 0","DSU"
hex,4,1,3,"8 2 2 0","DUS"
hex,4,1,3,"8 4 1 0","DSU"
hex,4,1,3,"8 4 2 0","DSU"
hex,4,1,3,"8 8 2 0","DUS"
hex,4,1,3,"9 0 0 4","DSU"
hex,4,1,3,"9 2 0 0","DSU"
hex,4,1,3,"A 0 0 1","DDU"
hex,4,1,3,"A 0 0 2","DSU"
hex,4,1,3,"A 0 4 0","DUS"
hex,4,1,3,"A 8 0 0","DSU"
hex,4,1,3,"B 0 0 0","DDU"
hex,4,1,3,"C 0 0 1","DSU"
hex,4,1,3,"C 0 0 2","DDU"
hex,4,1,3,"D 0 0 0","DDU"
hex,4,1,3,"E 0 0 0","DSU"
hex,4,1,4,"0 0 0 F","DSSU"
hex,4,1,4,"0 0 1 E","DSSU"
hex,4,1,4,"0 0 3 C","DSSU"
hex,4,1,4,"0 0 5 5","DSSU"
hex,4,1,4,"0 0 7 8","DSSU"
hex,4,1,4,"0 0 A A","DSSU"
hex,4,1,4,"0 0 F 0","DSSU"
hex,4,1,4,"0 1 5 4","DSSU"
hex,4,1,4,"0 1 E 0","DSSU"
hex,4,1,4,"0 2 2 9","DDUU"
hex,4,1,4,"0 2 4 9","DSSU"
hex,4,1,4,"0 2 5 1","DDUU"
hex,4,1,4,"0 2 A 8","DSSU"
hex,4,1,4,"0 3 C 0","DSSU"
hex,4,1,4,"0 4 5 2","DDUU"
hex,4,1,4,"0 4 9 2","DSSU"
hex,4,1,4,"0 4 A 2","DDUU"
hex,4,1,4,"0 5 5 0","DSSU"
hex,4,1,4,"0 7 8 0","DSSU"
hex,4,1,4,"0 8 4 3","DUSS"
hex,4,1,4,"0 8 6 1","DUSS"
hex,4,1,4,"0 8 A 4","DDUU"
hex,4,1,4,"0 9 2 4","DSSU"
hex,4,1,4,"0 9 4 4","DDUU"
hex,4,1,4,"0 A A 0","DSSU"
hex,4,1,4,"0 C 2 1","DUSS"
hex,4,1,4,"0 F 0 0","DSSU"
hex,4,1,4,"1 0 2 5","DDUU"
hex,4,1,4,"1 0 8 6","DUSS"
hex,4,1,4,"1 0 C 2","DUSS"
hex,4,1,4,"1 1 4 8","DDUU"
hex,4,1,4,"1 2 4 8","DSSU"
hex,4,1,4,"1 2 8 8","DDUU"
hex,4,1,4,"1 4 8 1","DDUU"
hex,4,1,4,"1 5 4 0","DSSU"
hex,4,1,4,"1 8 4 2","DUSS"
hex,4,1,4,"1 E 0 0","DSSU"
hex,4,1,4,"2 0 4 5","DDUU"
hex,4,1,4,"2 0 4 9","DSSU"
hex,4,1,4,"2 0 4 A","DDUU"
hex,4,1,4,"2 1 0 C","DUSS"
hex,4,1,4,"2 1 8 4","DUSS"
hex,4,1,4,"2 2 9 0","DDUU"
hex,4,1,4,"2 4 0 9","DSSU"
hex,4,1,4,"2 4 8 1","DSSU"
hex,4,1,4,"2 4 9 0","DSSU"
hex,4,1,4,"2 5 1 0","DDUU"
hex,4,1,4,"2 8 8 1","DDUU"
hex,4,1,4,"2 9 0 2","DDUU"
hex,4,1,4,"2 A 8 0","DSSU"
hex,4,1,4,"3 0 8 4","DUSS"
hex,4,1,4,"3 C 0 0","DSSU"
hex,4,1,4,"4 0 1 5","DSSU"
hex,4,1,4,"4 0 8 A","DDUU"
hex,4,1,4,"4 0 9 2","DSSU"
hex,4,1,4,"4 0 9 4","DDUU"
hex,4,1,4,"4 2 1 8","DUSS"
hex,4,1,4,"4 3 0 8","DUSS"
hex,4,1,4,"4 4 0 9","DDUU"
hex,4,1,4,"4 5 2 0","DDUU"
hex,4,1,4,"4 8 1 1","DDUU"
hex,4,1,4,"4 8 1 2","DSSU"
hex,4,1,4,"4 9 0 2","DSSU"
hex,4,1,4,"4 9 2 0","DSSU"
hex,4,1,4,"4 A 2 0","DDUU"
hex,4,1,4,"5 0 0 5","DSSU"
hex,4,1,4,"5 1 0 2","DDUU"
hex,4,1,4,"5 2 0 4","DDUU"
hex,4,1,4,"5 4 0 1","DSSU"
hex,4,1,4,"5 5 0 0","DSSU"
hex,4,1,4,"6 1 0 8","DUSS"
hex,4,1,4,"7 8 0 0","DSSU"
hex,4,1,4,"8 0 0 7","DSSU"
hex,4,1,4,"8 0 2 A","DSSU"
hex,4,1,4,"8 1 1 4","DDUU"
hex,4,1,4,"8 1 2 4","DSSU"
hex,4,1,4,"8 1 2 8","DDUU"
hex,4,1,4,"8 4 2 1","DUSS"
hex,4,1,4,"8 4 3 0","DUSS"
hex,4,1,4,"8 6 1 0","DUSS"
hex,4,1,4,"8 8 1 2","DDUU"
hex,4,1,4,"8 A 4 0","DDUU"
hex,4,1,4,"9 0 2 2","DDUU"
hex,4,1,4,"9 0 2 4","DSSU"
hex,4,1,4,"9 2 0 4","DSSU"
hex,4,1,4,"9 2 4 0","DSSU"
hex,4,1,4,"9 4 4 0","DDUU"
hex,4,1,4,"A 0 0 A","DSSU"
hex,4,1,4,"A 2 0 4","DDUU"
hex,4,1,4,"A 4 0 8","DDUU"
hex,4,1,4,"A 8 0 2","DSSU"
hex,4,1,4,"A A 0 0","DSSU"
hex,4,1,4,"C 0 0 3","DSSU"
hex,4,1,4,"C 2 1 0","DUSS"
hex,4,1,4,"E 0 0 1","DSSU"
hex,4,1,4,"F 0 0 0","DSSU"
hex,4,1,5,"0 0 1 F","DSSSU"
hex,4,1,5,"0 0 3 E","DSSSU"
hex,4,1,5,"0 0 6 B","DUDUS"
hex,4,1,5,"0 0 7 C","DSSSU"
hex,4,1,5,"0 0 D 6","DUDUS"
hex,4,1,5,"0 0 F 8","DSSSU"
hex,4,1,5,"0 1 A C","DUDUS"
hex,4,1,5,"0 1 F 0","DSSSU"
hex,4,1,5,"0 3 5 8","DUDUS"
hex,4,1,5,"0 3 E 0","DSSSU"
hex,4,1,5,"0 4 6 9","DDDUU"
hex,4,1,5,"0 4 A 3","DDUDU"
hex,4,1,5,"0 4 B 1","DDDUU"
hex,4,1,5,"0 6 2 9","DDUDU"
hex,4,1,5,"0 6 B 0","DUDUS"
hex,4,1,5,"0 7 C 0","DSSSU"
hex,4,1,5,"0 8 5 5","DSSUS"
hex,4,1,5,"0 8 D 2","DDDUU"
hex,4,1,5,"0 9 4 6","DDUDU"
hex,4,1,5,"0 9 6 2","DDDUU"
hex,4,1,5,"0 A 1 5","DSUDU"
hex,4,1,5,"0 A 8 5","DSUDU"
hex,4,1,5,"0 A A 1","DSSUS"
hex,4,1,5,"0 C 5 2","DDUDU"
hex,4,1,5,"0 D 6 0","DUDUS"
hex,4,1,5,"0 F 8 0","DSSSU"
hex,4,1,5,"1 0 4 B","DDDUU"
hex,4,1,5,"1 0 A A","DSSUS"
hex,4,1,5,"1 1 A 4","DDDUU"
hex,4,1,5,"1 2 4 9","DSSSU"
hex,4,1,5,"1 2 8 C","DDUDU"
hex,4,1,5,"1 2 C 4","DDDUU"
hex,4,1,5,"1 4 2 A","DSUDU"
hex,4,1,5,"1 4 8 3","DDUDU"
hex,4,1,5,"1 5 0 A","DSUDU"
hex,4,1,5,"1 5 4 2","DSSUS"
hex,4,1,5,"1 8 2 5","DDUDU"
hex,4,1,5,"1 8 A 4","DDUDU"
hex,4,1,5,"1 A 4 1","DDDUU"
hex,4,1,5,"1 A C 0","DUDUS"
hex,4,1,5,"1 F 0 0","DSSSU"
hex,4,1,5,"2 0 8 D","DDDUU"
hex,4,1,5,"2 0 9 6","DDDUU"
hex,4,1,5,"2 0 C 5","DDUDU"
hex,4,1,5,"2 1 5 4","DSSUS"
hex,4,1,5,"2 2 4 9","DSSSU"
hex,4,1,5,"2 3 4 8","DDDUU"
hex,4,1,5,"2 4 4 9","DSSSU"
hex,4,1,5,"2 4 8 9","DSSSU"
hex,4,1,5,"2 4 9 1","DSSSU"
hex,4,1,5,"2 4 9 2","DSSSU"
hex,4,1,5,"2 5 1 8","DDUDU"
hex,4,1,5,"2 5 8 8","DDDUU"
hex,4,1,5,"2 8 5 4","DSUDU"
hex,4,1,5,"2 8 C 1","DDUDU"
hex,4,1,5,"2 9 0 6","DDUDU"
hex,4,1,5,"2 A 1 4","DSUDU"
hex,4,1,5,"2 A 8 4","DSSUS"
hex,4,1,5,"2 C 4 1","DDDUU"
hex,4,1,5,"3 0 4 A","DDUDU"
hex,4,1,5,"3 1 4 8","DDUDU"
hex,4,1,5,"3 4 8 2","DDDUU"
hex,4,1,5,"3 5 8 0","DUDUS"
hex,4,1,5,"3 E 0 0","DSSSU"
hex,4,1,5,"4 1 1 A","DDDUU"
hex,4,1,5,"4 1 2 C","DDDUU"
hex,4,1,5,"4 1 8 A","DDUDU"
hex,4,1,5,"4 2 1 5","DSSUS"
hex,4,1,5,"4 2 8 5","DSUDU"
hex,4,1,5,"4 2 A 1","DSUDU"
hex,4,1,5,"4 2 A 8","DSSUS"
hex,4,1,5,"4 4 9 2","DSSSU"
hex,4,1,5,"4 6 0 9","DDUDU"
hex,4,1,5,"4 6 9 0","DDDUU"
hex,4,1,5,"4 8 2 3","DDDUU"
hex,4,1,5,"4 8 3 1","DDUDU"
hex,4,1,5,"4 8 9 2","DSSSU"
hex,4,1,5,"4 9 1 2","DSSSU"
hex,4,1,5,"4 9 2 2","DSSSU"
hex,4,1,5,"4 9 2 4","DSSSU"
hex,4,1,5,"4 A 3 0","DDUDU"
hex,4,1,5,"4 B 1 0","DDDUU"
hex,4,1,5,"5 0 8 5","DSSUS"
hex,4,1,5,"5 0 A 1","DSUDU"
hex,4,1,5,"5 0 A 8","DSUDU"
hex,4,1,5,"5 1 8 2","DDUDU"
hex,4,1,5,"5 2 0 C","DDUDU"
hex,4,1,5,"5 4 2 1","DSSUS"
hex,4,1,5,"5 4 2 8","DSUDU"
hex,4,1,5,"5 5 0 8","DSSUS"
hex,4,1,5,"5 8 0 3","DUDUS"
hex,4,1,5,"5 8 8 2","DDDUU"
hex,4,1,5,"6 0 0 D","DUDUS"
hex,4,1,5,"6 0 9 4","DDUDU"
hex,4,1,5,"6 2 0 9","DDDUU"
hex,4,1,5,"6 2 9 0","DDUDU"
hex,4,1,5,"6 9 0 4","DDDUU"
hex,4,1,5,"6 B 0 0","DUDUS"
hex,4,1,5,"7 C 0 0","DSSSU"
hex,4,1,5,"8 0 0 F","DSSSU"
hex,4,1,5,"8 0 3 5","DUDUS"
hex,4,1,5,"8 2 3 4","DDDUU"
hex,4,1,5,"8 2 5 1","DDUDU"
hex,4,1,5,"8 2 5 8","DDDUU"
hex,4,1,5,"8 3 1 4","DDUDU"
hex,4,1,5,"8 4 2 A","DSSUS"
hex,4,1,5,"8 5 0 A","DSUDU"
hex,4,1,5,"8 5 4 2","DSUDU"
hex,4,1,5,"8 5 5 0","DSSUS"
hex,4,1,5,"8 8 2 5","DDDUU"
hex,4,1,5,"8 9 2 4","DSSSU"
hex,4,1,5,"8 A 4 1","DDUDU"
hex,4,1,5,"8 C 1 2","DDUDU"
hex,4,1,5,"8 D 2 0","DDDUU"
hex,4,1,5,"9 0 4 6","DDDUU"
hex,4,1,5,"9 0 6 2","DDUDU"
hex,4,1,5,"9 1 2 4","DSSSU"
hex,4,1,5,"9 2 2 4","DSSSU"
hex,4,1,5,"9 2 4 4","DSSSU"
hex,4,1,5,"9 2 4 8","DSSSU"
hex,4,1,5,"9 4 6 0","DDUDU"
hex,4,1,5,"9 6 2 0","DDDUU"
hex,4,1,5,"A 1 0 A","DSSUS"
hex,4,1,5,"A 1 4 2","DSUDU"
hex,4,1,5,"A 1 5 0","DSUDU"
hex,4,1,5,"A 3 0 4","DDUDU"
hex,4,1,5,"A 4 1 1","DDDUU"
hex,4,1,5,"A 4 1 8","DDUDU"
hex,4,1,5,"A 8 4 2","DSSUS"
hex,4,1,5,"A 8 5 0","DSUDU"
hex,4,1,5,"A A 1 0","DSSUS"
hex,4,1,5,"A C 0 1","DUDUS"
hex,4,1,5,"B 0 0 6","DUDUS"
hex,4,1,5,"B 1 0 4","DDDUU"
hex,4,1,5,"C 0 0 7","DSSSU"
hex,4,1,5,"C 0 1 A","DUDUS"
hex,4,1,5,"C 1 2 8","DDUDU"
hex,4,1,5,"C 4 1 2","DDDUU"
hex,4,1,5,"C 5 2 0","DDUDU"
hex,4,1,5,"D 2 0 8","DDDUU"
hex,4,1,5,"D 6 0 0","DUDUS"
hex,4,1,5,"E 0 0 3","DSSSU"
hex,4,1,5,"F 0 0 1","DSSSU"
hex,4,1,5,"F 8 0 0","DSSSU"
hex,4,1,6,"0 0 3 F","DSSSSU"
hex,4,1,6,"0 0 5 F","DDSSSU"
hex,4,1,6,"0 0 6 F","DSSUDU"
hex,4,1,6,"0 0 7 7","DSUDSU"
hex,4,1,6,"0 0 7 B","DSSUDU"
hex,4,1,6,"0 0 7 D","DDSSSU"
hex,4,1,6,"0 0 7 E","DSSSSU"
hex,4,1,6,"0 0 9 F","DDSSSU"
hex,4,1,6,"0 0 B E","DDSSSU"
hex,4,1,6,"0 0 C F","DSSUDU"
hex,4,1,6,"0 0 D E","DSSUDU"
hex,4,1,6,"0 0 E 7","DSUDSU"
hex,4,1,6,"0 0 E E","DSUDSU"
hex,4,1,6,"0 0 F 3","DSSUDU"
hex,4,1,6,"0 0 F 6","DSSUDU"
hex,4,1,6,"0 0 F 9","DDSSSU"
hex,4,1,6,"0 0 F A","DDSSSU"
hex,4,1,6,"0 0 F C","DSSSSU"
hex,4,1,6,"0 1 3 E","DDSSSU"
hex,4,1,6,"0 1 7 C","DDSSSU"
hex,4,1,6,"0 1 9 E","DSSUDU"
hex,4,1,6,"0 1 B C","DSSUDU"
hex,4,1,6,"0 1 C E","DSUDSU"
hex,4,1,6,"0 1 D C","DSUDSU"
hex,4,1,6,"0 1 E 6","DSSUDU"
hex,4,1,6,"0 1 E C","DSSUDU"
hex,4,1,6,"0 1 F 2","DDSSSU"
hex,4,1,6,"0 1 F 4","DDSSSU"
hex,4,1,6,"0 1 F 8","DSSSSU"
hex,4,1,6,"0 2 7 C","DDSSSU"
hex,4,1,6,"0 2 A D","DDUSSU"
hex,4,1,6,"0 2 B 5","DSDUSU"
hex,4,1,6,"0 2 D 5","DDUSSU"
hex,4,1,6,"0 2 F 8","DDSSSU"
hex,4,1,6,"0 3 3 C","DSSUDU"
hex,4,1,6,"0 3 7 8","DSSUDU"
hex,4,1,6,"0 3 9 C","DSUDSU"
hex,4,1,6,"0 3 B 8","DSUDSU"
hex,4,1,6,"0 3 C C","DSSUDU"
hex,4,1,6,"0 3 D 8","DSSUDU"
hex,4,1,6,"0 3 E 4","DDSSSU"
hex,4,1,6,"0 3 E 8","DDSSSU"
hex,4,1,6,"0 3 F 0","DSSSSU"
hex,4,1,6,"0 4 F 8","DDSSSU"
hex,4,1,6,"0 5 5 A","DDUSSU"
hex,4,1,6,"0 5 6 A","DSDUSU"
hex,4,1,6,"0 5 A A","DDUSSU"
hex,4,1,6,"0 5 F 0","DDSSSU"
hex,4,1,6,"0 6 7 8","DSSUDU"
hex,4,1,6,"0 6 F 0","DSSUDU"
hex,4,1,6,"0 7 3 8","DSUDSU"
hex,4,1,6,"0 7 7 0","DSUDSU"
hex,4,1,6,"0 7 9 8","DSSUDU"
hex,4,1,6,"0 7 B 0","DSSUDU"
hex,4,1,6,"0 7 C 8","DDSSSU"
hex,4,1,6,"0 7 D 0","DDSSSU"
hex,4,1,6,"0 7 E 0","DSSSSU"
hex,4,1,6,"0 9 F 0","DDSSSU"
hex,4,1,6,"0 A 5 5","DSSUDU"
hex,4,1,6,"0 A 9 5","DSUDSU"
hex,4,1,6,"0 A A 5","DSSUDU"
hex,4,1,6,"0 A B 4","DDUSSU"
hex,4,1,6,"0 A D 4","DSDUSU"
hex,4,1,6,"0 B 5 4","DDUSSU"
hex,4,1,6,"0 B E 0","DDSSSU"
hex,4,1,6,"0 C F 0","DSSUDU"
hex,4,1,6,"0 D E 0","DSSUDU"
hex,4,1,6,"0 E 7 0","DSUDSU"
hex,4,1,6,"0 E E 0","DSUDSU"
hex,4,1,6,"0 F 3 0","DSSUDU"
hex,4,1,6,"0 F 6 0","DSSUDU"
hex,4,1,6,"0 F 9 0","DDSSSU"
hex,4,1,6,"0 F A 0","DDSSSU"
hex,4,1,6,"0 F C 0","DSSSSU"
hex,4,1,6,"1 3 E 0","DDSSSU"
hex,4,1,6,"1 4 A A","DSSUDU"
hex,4,1,6,"1 5 2 A","DSUDSU"
hex,4,1,6,"1 5 4 A","DSSUDU"
hex,4,1,6,"1 5 6 8","DDUSSU"
hex,4,1,6,"1 5 A 8","DSDUSU"
hex,4,1,6,"1 6 A 8","DDUSSU"
hex,4,1,6,"1 7 C 0","DDSSSU"
hex,4,1,6,"1 9 E 0","DSSUDU"
hex,4,1,6,"1 B C 0","DSSUDU"
hex,4,1,6,"1 C E 0","DSUDSU"
hex,4,1,6,"1 D C 0","DSUDSU"
hex,4,1,6,"1 E 6 0","DSSUDU"
hex,4,1,6,"1 E C 0","DSSUDU"
hex,4,1,6,"1 F 2 0","DDSSSU"
hex,4,1,6,"1 F 4 0","DDSSSU"
hex,4,1,6,"1 F 8 0","DSSSSU"
hex,4,1,6,"2 0 1 F","DDSSSU"
hex,4,1,6,"2 4 9 3","DUSSSS"
hex,4,1,6,"2 4 9 9","DUSSSS"
hex,4,1,6,"2 4 C 9","DUSSSS"
hex,4,1,6,"2 6 4 9","DUSSSS"
hex,4,1,6,"2 7 C 0","DDSSSU"
hex,4,1,6,"2 8 5 5","DSSUDU"
hex,4,1,6,"2 9 5 4","DSSUDU"
hex,4,1,6,"2 A 1 5","DSUDSU"
hex,4,1,6,"2 A 5 4","DSUDSU"
hex,4,1,6,"2 A 8 5","DSSUDU"
hex,4,1,6,"2 A 9 4","DSSUDU"
hex,4,1,6,"2 A D 0","DDUSSU"
hex,4,1,6,"2 B 5 0","DSDUSU"
hex,4,1,6,"2 D 5 0","DDUSSU"
hex,4,1,6,"2 F 8 0","DDSSSU"
hex,4,1,6,"3 0 0 F","DSSUDU"
hex,4,1,6,"3 2 4 9","DUSSSS"
hex,4,1,6,"3 3 C 0","DSSUDU"
hex,4,1,6,"3 7 8 0","DSSUDU"
hex,4,1,6,"3 8 0 7","DSUDSU"
hex,4,1,6,"3 9 C 0","DSUDSU"
hex,4,1,6,"3 B 8 0","DSUDSU"
hex,4,1,6,"3 C 0 3","DSSUDU"
hex,4,1,6,"3 C C 0","DSSUDU"
hex,4,1,6,"3 D 8 0","DSSUDU"
hex,4,1,6,"3 E 0 1","DDSSSU"
hex,4,1,6,"3 E 4 0","DDSSSU"
hex,4,1,6,"3 E 8 0","DDSSSU"
hex,4,1,6,"3 F 0 0","DSSSSU"
hex,4,1,6,"4 0 1 F","DDSSSU"
hex,4,1,6,"4 0 3 E","DDSSSU"
hex,4,1,6,"4 0 A B","DDUSSU"
hex,4,1,6,"4 0 A D","DSDUSU"
hex,4,1,6,"4 0 B 5","DDUSSU"
hex,4,1,6,"4 2 9 5","DSSUDU"
hex,4,1,6,"4 2 A 5","DSUDSU"
hex,4,1,6,"4 2 A 9","DSSUDU"
hex,4,1,6,"4 9 2 6","DUSSSS"
hex,4,1,6,"4 9 3 2","DUSSSS"
hex,4,1,6,"4 9 9 2","DUSSSS"
hex,4,1,6,"4 A 1 5","DSSUDU"
hex,4,1,6,"4 A 8 5","DSUDSU"
hex,4,1,6,"4 A A 1","DSSUDU"
hex,4,1,6,"4 C 9 2","DUSSSS"
hex,4,1,6,"4 F 8 0","DDSSSU"
hex,4,1,6,"5 0 2 B","DSDUSU"
hex,4,1,6,"5 0 2 D","DDUSSU"
hex,4,1,6,"5 0 A 5","DSSUDU"
hex,4,1,6,"5 0 A 9","DSUDSU"
hex,4,1,6,"5 0 A A","DSSUDU"
hex,4,1,6,"5 2 8 5","DSSUDU"
hex,4,1,6,"5 2 A 1","DSUDSU"
hex,4,1,6,"5 2 A 8","DSSUDU"
hex,4,1,6,"5 4 0 B","DDUSSU"
hex,4,1,6,"5 4 2 9","DSSUDU"
hex,4,1,6,"5 4 2 A","DSUDSU"
hex,4,1,6,"5 4 A 1","DSSUDU"
hex,4,1,6,"5 4 A 8","DSUDSU"
hex,4,1,6,"5 5 0 A","DSSUDU"
hex,4,1,6,"5 5 2 8","DSSUDU"
hex,4,1,6,"5 5 A 0","DDUSSU"
hex,4,1,6,"5 6 8 1","DDUSSU"
hex,4,1,6,"5 6 A 0","DSDUSU"
hex,4,1,6,"5 A 0 5","DDUSSU"
hex,4,1,6,"5 A 8 1","DSDUSU"
hex,4,1,6,"5 A A 0","DDUSSU"
hex,4,1,6,"5 F 0 0","DDSSSU"
hex,4,1,6,"6 0 0 F","DSSUDU"
hex,4,1,6,"6 0 1 E","DSSUDU"
hex,4,1,6,"6 4 9 2","DUSSSS"
hex,4,1,6,"6 7 8 0","DSSUDU"
hex,4,1,6,"6 8 1 5","DDUSSU"
hex,4,1,6,"6 A 0 5","DSDUSU"
hex,4,1,6,"6 A 8 1","DDUSSU"
hex,4,1,6,"6 F 0 0","DSSUDU"
hex,4,1,6,"7 0 0 7","DSUDSU"
hex,4,1,6,"7 0 0 E","DSUDSU"
hex,4,1,6,"7 3 8 0","DSUDSU"
hex,4,1,6,"7 7 0 0","DSUDSU"
hex,4,1,6,"7 8 0 3","DSSUDU"
hex,4,1,6,"7 8 0 6","DSSUDU"
hex,4,1,6,"7 9 8 0","DSSUDU"
hex,4,1,6,"7 B 0 0","DSSUDU"
hex,4,1,6,"7 C 0 1","DDSSSU"
hex,4,1,6,"7 C 0 2","DDSSSU"
hex,4,1,6,"7 C 8 0","DDSSSU"
hex,4,1,6,"7 D 0 0","DDSSSU"
hex,4,1,6,"7 E 0 0","DSSSSU"
hex,4,1,6,"8 0 1 F","DSSSSU"
hex,4,1,6,"8 0 2 F","DDSSSU"
hex,4,1,6,"8 0 3 7","DSSUDU"
hex,4,1,6,"8 0 3 B","DSUDSU"
hex,4,1,6,"8 0 3 D","DSSUDU"
hex,4,1,6,"8 0 3 E","DDSSSU"
hex,4,1,6,"8 0 4 F","DDSSSU"
hex,4,1,6,"8 0 6 7","DSSUDU"
hex,4,1,6,"8 0 7 3","DSUDSU"
hex,4,1,6,"8 0 7 9","DSSUDU"
hex,4,1,6,"8 0 7 C","DDSSSU"
hex,4,1,6,"8 1 5 6","DDUSSU"
hex,4,1,6,"8 1 5 A","DSDUSU"
hex,4,1,6,"8 1 6 A","DDUSSU"
hex,4,1,6,"8 5 2 A","DSSUDU"
hex,4,1,6,"8 5 4 A","DSUDSU"
hex,4,1,6,"8 5 5 2","DSSUDU"
hex,4,1,6,"9 0 0 F","DDSSSU"
hex,4,1,6,"9 2 4 9","DUSSSS"
hex,4,1,6,"9 2 4 C","DUSSSS"
hex,4,1,6,"9 2 6 4","DUSSSS"
hex,4,1,6,"9 3 2 4","DUSSSS"
hex,4,1,6,"9 4 2 A","DSSUDU"
hex,4,1,6,"9 5 0 A","DSUDSU"
hex,4,1,6,"9 5 4 2","DSSUDU"
hex,4,1,6,"9 8 0 7","DSSUDU"
hex,4,1,6,"9 9 2 4","DUSSSS"
hex,4,1,6,"9 C 0 3","DSUDSU"
hex,4,1,6,"9 E 0 1","DSSUDU"
hex,4,1,6,"9 F 0 0","DDSSSU"
hex,4,1,6,"A 0 0 F","DDSSSU"
hex,4,1,6,"A 0 5 5","DDUSSU"
hex,4,1,6,"A 0 5 6","DSDUSU"
hex,4,1,6,"A 0 5 A","DDUSSU"
hex,4,1,6,"A 1 4 A","DSSUDU"
hex,4,1,6,"A 1 5 2","DSUDSU"
hex,4,1,6,"A 1 5 4","DSSUDU"
hex,4,1,6,"A 5 0 A","DSSUDU"
hex,4,1,6,"A 5 4 2","DSUDSU"
hex,4,1,6,"A 5 5 0","DSSUDU"
hex,4,1,6,"A 8 1 5","DSDUSU"
hex,4,1,6,"A 8 1 6","DDUSSU"
hex,4,1,6,"A 8 5 2","DSSUDU"
hex,4,1,6,"A 8 5 4","DSUDSU"
hex,4,1,6,"A 9 4 2","DSSUDU"
hex,4,1,6,"A 9 5 0","DSUDSU"
hex,4,1,6,"A A 0 5","DDUSSU"
hex,4,1,6,"A A 1 4","DSSUDU"
hex,4,1,6,"A A 5 0","DSSUDU"
hex,4,1,6,"A B 4 0","DDUSSU"
hex,4,1,6,"A D 0 2","DDUSSU"
hex,4,1,6,"A D 4 0","DSDUSU"
hex,4,1,6,"B 0 0 7","DSSUDU"
hex,4,1,6,"B 4 0 A","DDUSSU"
hex,4,1,6,"B 5 0 2","DSDUSU"
hex,4,1,6,"B 5 4 0","DDUSSU"
hex,4,1,6,"B 8 0 3","DSUDSU"
hex,4,1,6,"B C 0 1","DSSUDU"
hex,4,1,6,"B E 0 0","DDSSSU"
hex,4,1,6,"C 0 0 F","DSSSSU"
hex,4,1,6,"C 0 1 7","DDSSSU"
hex,4,1,6,"C 0 1 B","DSSUDU"
hex,4,1,6,"C 0 1 D","DSUDSU"
hex,4,1,6,"C 0 1 E","DSSUDU"
hex,4,1,6,"C 0 2 7","DDSSSU"
hex,4,1,6,"C 0 3 3","DSSUDU"
hex,4,1,6,"C 0 3 9","DSUDSU"
hex,4,1,6,"C 0 3 C","DSSUDU"
hex,4,1,6,"C 8 0 7","DDSSSU"
hex,4,1,6,"C 9 2 4","DUSSSS"
hex,4,1,6,"C C 0 3","DSSUDU"
hex,4,1,6,"C E 0 1","DSUDSU"
hex,4,1,6,"C F 0 0","DSSUDU"
hex,4,1,6,"D 0 0 7","DDSSSU"
hex,4,1,6,"D 0 2 A","DDUSSU"
hex,4,1,6,"D 4 0 A","DSDUSU"
hex,4,1,6,"D 5 0 2","DDUSSU"
hex,4,1,6,"D 8 0 3","DSSUDU"
hex,4,1,6,"D C 0 1","DSUDSU"
hex,4,1,6,"D E 0 0","DSSUDU"
hex,4,1,6,"E 0 0 7","DSSSSU"
hex,4,1,6,"E 0 0 B","DDSSSU"
hex,4,1,6,"E 0 0 D","DSSUDU"
hex,4,1,6,"E 0 0 E","DSUDSU"
hex,4,1,6,"E 0 1 3","DDSSSU"
hex,4,1,6,"E 0 1 9","DSSUDU"
hex,4,1,6,"E 0 1 C","DSUDSU"
hex,4,1,6,"E 4 0 3","DDSSSU"
hex,4,1,6,"E 6 0 1","DSSUDU"
hex,4,1,6,"E 7 0 0","DSUDSU"
hex,4,1,6,"E 8 0 3","DDSSSU"
hex,4,1,6,"E C 0 1","DSSUDU"
hex,4,1,6,"E E 0 0","DSUDSU"
hex,4,1,6,"F 0 0 3","DSSSSU"
hex,4,1,6,"F 0 0 5","DDSSSU"
hex,4,1,6,"F 0 0 6","DSSUDU"
hex,4,1,6,"F 0 0 9","DDSSSU"
hex,4,1,6,"F 0 0 C","DSSUDU"
hex,4,1,6,"F 2 0 1","DDSSSU"
hex,4,1,6,"F 3 0 0","DSSUDU"
hex,4,1,6,"F 4 0 1","DDSSSU"
hex,4,1,6,"F 6 0 0","DSSUDU"
hex,4,1,6,"F 8 0 1","DSSSSU"
hex,4,1,6,"F 8 0 2","DDSSSU"
hex,4,1,6,"F 8 0 4","DDSSSU"
hex,4,1,6,"F 9 0 0","DDSSSU"
hex,4,1,6,"F A 0 0","DDSSSU"
hex,4,1,6,"F C 0 0","DSSSSU"
hex,4,1,7,"0 0 7 F","DSSSSSU"
hex,4,1,7,"0 0 B F","DDSSSSU"
hex,4,1,7,"0 0 D F","DSSSUDU"
hex,4,1,7,"0 0 E F","DSSUDSU"
hex,4,1,7,"0 0 F 7","DSSUDSU"
hex,4,1,7,"0 0 F B","DSSSUDU"
hex,4,1,7,"0 0 F D","DDSSSSU"
hex,4,1,7,"0 0 F E","DSSSSSU"
hex,4,1,7,"0 1 7 E","DDSSSSU"
hex,4,1,7,"0 1 B E","DSSSUDU"
hex,4,1,7,"0 1 D E","DSSUDSU"
hex,4,1,7,"0 1 E E","DSSUDSU"
hex,4,1,7,"0 1 F 6","DSSSUDU"
hex,4,1,7,"0 1 F A","DDSSSSU"
hex,4,1,7,"0 1 F C","DSSSSSU"
hex,4,1,7,"0 2 F C","DDSSSSU"
hex,4,1,7,"0 3 7 C","DSSSUDU"
hex,4,1,7,"0 3 B C","DSSUDSU"
hex,4,1,7,"0 3 D C","DSSUDSU"
hex,4,1,7,"0 3 E C","DSSSUDU"
hex,4,1,7,"0 3 F 4","DDSSSSU"
hex,4,1,7,"0 3 F 8","DSSSSSU"
hex,4,1,7,"0 5 F 8","DDSSSSU"
hex,4,1,7,"0 6 F 8","DSSSUDU"
hex,4,1,7,"0 7 7 8","DSSUDSU"
hex,4,1,7,"0 7 B 8","DSSUDSU"
hex,4,1,7,"0 7 D 8","DSSSUDU"
hex,4,1,7,"0 7 E 8","DDSSSSU"
hex,4,1,7,"0 7 F 0","DSSSSSU"
hex,4,1,7,"0 A B 5","DSDUSSU"
hex,4,1,7,"0 A D 5","DSDUSSU"
hex,4,1,7,"0 B F 0","DDSSSSU"
hex,4,1,7,"0 D F 0","DSSSUDU"
hex,4,1,7,"0 E F 0","DSSUDSU"
hex,4,1,7,"0 F 7 0","DSSUDSU"
hex,4,1,7,"0 F B 0","DSSSUDU"
hex,4,1,7,"0 F D 0","DDSSSSU"
hex,4,1,7,"0 F E 0","DSSSSSU"
hex,4,1,7,"1 5 6 A","DSDUSSU"
hex,4,1,7,"1 5 A A","DSDUSSU"
hex,4,1,7,"1 7 E 0","DDSSSSU"
hex,4,1,7,"1 8 C 7","DSUDUDU"
hex,4,1,7,"1 8 E 3","DSUDUDU"
hex,4,1,7,"1 B E 0","DSSSUDU"
hex,4,1,7,"1 C 6 3","DSUDUDU"
hex,4,1,7,"1 D E 0","DSSUDSU"
hex,4,1,7,"1 E E 0","DSSUDSU"
hex,4,1,7,"1 F 6 0","DSSSUDU"
hex,4,1,7,"1 F A 0","DDSSSSU"
hex,4,1,7,"1 F C 0","DSSSSSU"
hex,4,1,7,"2 A 5 5","DSSUDSU"
hex,4,1,7,"2 A 9 5","DSSUDSU"
hex,4,1,7,"2 A D 4","DSDUSSU"
hex,4,1,7,"2 B 5 4","DSDUSSU"
hex,4,1,7,"2 F C 0","DDSSSSU"
hex,4,1,7,"3 1 8 E","DSUDUDU"
hex,4,1,7,"3 1 C 6","DSUDUDU"
hex,4,1,7,"3 7 C 0","DSSSUDU"
hex,4,1,7,"3 8 C 6","DSUDUDU"
hex,4,1,7,"3 B C 0","DSSUDSU"
hex,4,1,7,"3 D C 0","DSSUDSU"
hex,4,1,7,"3 E C 0","DSSSUDU"
hex,4,1,7,"3 F 4 0","DDSSSSU"
hex,4,1,7,"3 F 8 0","DSSSSSU"
hex,4,1,7,"4 0 3 F","DDSSSSU"
hex,4,1,7,"4 2 A D","DSDUSSU"
hex,4,1,7,"4 2 B 5","DSDUSSU"
hex,4,1,7,"4 A 9 5","DSSUDSU"
hex,4,1,7,"4 A A 5","DSSUDSU"
hex,4,1,7,"5 0 A B","DSDUSSU"
hex,4,1,7,"5 0 A D","DSDUSSU"
hex,4,1,7,"5 2 A 5","DSSUDSU"
hex,4,1,7,"5 2 A 9","DSSUDSU"
hex,4,1,7,"5 4 2 B","DSDUSSU"
hex,4,1,7,"5 4 A 9","DSSUDSU"
hex,4,1,7,"5 4 A A","DSSUDSU"
hex,4,1,7,"5 5 2 A","DSSUDSU"
hex,4,1,7,"5 5 A 8","DSDUSSU"
hex,4,1,7,"5 6 A 1","DSDUSSU"
hex,4,1,7,"5 6 A 8","DSDUSSU"
hex,4,1,7,"5 A 8 5","DSDUSSU"
hex,4,1,7,"5 A A 1","DSDUSSU"
hex,4,1,7,"5 F 8 0","DDSSSSU"
hex,4,1,7,"6 0 1 F","DSSSUDU"
hex,4,1,7,"6 3 1 C","DSUDUDU"
hex,4,1,7,"6 3 8 C","DSUDUDU"
hex,4,1,7,"6 A 1 5","DSDUSSU"
hex,4,1,7,"6 A 8 5","DSDUSSU"
hex,4,1,7,"6 F 8 0","DSSSUDU"
hex,4,1,7,"7 0 0 F","DSSUDSU"
hex,4,1,7,"7 1 8 C","DSUDUDU"
hex,4,1,7,"7 7 8 0","DSSUDSU"
hex,4,1,7,"7 8 0 7","DSSUDSU"
hex,4,1,7,"7 B 8 0","DSSUDSU"
hex,4,1,7,"7 C 0 3","DSSSUDU"
hex,4,1,7,"7 D 8 0","DSSSUDU"
hex,4,1,7,"7 E 0 1","DDSSSSU"
hex,4,1,7,"7 E 8 0","DDSSSSU"
hex,4,1,7,"7 F 0 0","DSSSSSU"
hex,4,1,7,"8 0 3 F","DSSSSSU"
hex,4,1,7,"8 0 5 F","DDSSSSU"
hex,4,1,7,"8 0 6 F","DSSSUDU"
hex,4,1,7,"8 0 7 7","DSSUDSU"
hex,4,1,7,"8 0 7 B","DSSUDSU"
hex,4,1,7,"8 0 7 D","DSSSUDU"
hex,4,1,7,"8 0 7 E","DDSSSSU"
hex,4,1,7,"8 5 5 A","DSDUSSU"
hex,4,1,7,"8 5 6 A","DSDUSSU"
hex,4,1,7,"8 C 6 3","DSUDUDU"
hex,4,1,7,"8 C 7 1","DSUDUDU"
hex,4,1,7,"8 E 3 1","DSUDUDU"
hex,4,1,7,"9 5 2 A","DSSUDSU"
hex,4,1,7,"9 5 4 A","DSSUDSU"
hex,4,1,7,"A 0 1 F","DDSSSSU"
hex,4,1,7,"A 1 5 6","DSDUSSU"
hex,4,1,7,"A 1 5 A","DSDUSSU"
hex,4,1,7,"A 5 4 A","DSSUDSU"
hex,4,1,7,"A 5 5 2","DSSUDSU"
hex,4,1,7,"A 8 5 5","DSDUSSU"
hex,4,1,7,"A 8 5 6","DSDUSSU"
hex,4,1,7,"A 9 5 2","DSSUDSU"
hex,4,1,7,"A 9 5 4","DSSUDSU"
hex,4,1,7,"A A 1 5","DSDUSSU"
hex,4,1,7,"A A 5 4","DSSUDSU"
hex,4,1,7,"A B 5 0","DSDUSSU"
hex,4,1,7,"A D 4 2","DSDUSSU"
hex,4,1,7,"A D 5 0","DSDUSSU"
hex,4,1,7,"B 0 0 F","DSSSUDU"
hex,4,1,7,"B 5 0 A","DSDUSSU"
hex,4,1,7,"B 5 4 2","DSDUSSU"
hex,4,1,7,"B 8 0 7","DSSUDSU"
hex,4,1,7,"B C 0 3","DSSUDSU"
hex,4,1,7,"B E 0 1","DSSSUDU"
hex,4,1,7,"B F 0 0","DDSSSSU"
hex,4,1,7,"C 0 1 F","DSSSSSU"
hex,4,1,7,"C 0 2 F","DDSSSSU"
hex,4,1,7,"C 0 3 7","DSSSUDU"
hex,4,1,7,"C 0 3 B","DSSUDSU"
hex,4,1,7,"C 0 3 D","DSSUDSU"
hex,4,1,7,"C 0 3 E","DSSSUDU"
hex,4,1,7,"C 6 3 1","DSUDUDU"
hex,4,1,7,"C 6 3 8","DSUDUDU"
hex,4,1,7,"C 7 1 8","DSUDUDU"
hex,4,1,7,"D 0 0 F","DDSSSSU"
hex,4,1,7,"D 4 2 A","DSDUSSU"
hex,4,1,7,"D 5 0 A","DSDUSSU"
hex,4,1,7,"D 8 0 7","DSSSUDU"
hex,4,1,7,"D C 0 3","DSSUDSU"
hex,4,1,7,"D E 0 1","DSSUDSU"
hex,4,1,7,"D F 0 0","DSSSUDU"
hex,4,1,7,"E 0 0 F","DSSSSSU"
hex,4,1,7,"E 0 1 7","DDSSSSU"
hex,4,1,7,"E 0 1 B","DSSSUDU"
hex,4,1,7,"E 0 1 D","DSSUDSU"
hex,4,1,7,"E 0 1 E","DSSUDSU"
hex,4,1,7,"E 3 1 8","DSUDUDU"
hex,4,1,7,"E 8 0 7","DDSSSSU"
hex,4,1,7,"E C 0 3","DSSSUDU"
hex,4,1,7,"E E 0 1","DSSUDSU"
hex,4,1,7,"E F 0 0","DSSUDSU"
hex,4,1,7,"F 0 0 7","DSSSSSU"
hex,4,1,7,"F 0 0 B","DDSSSSU"
hex,4,1,7,"F 0 0 D","DSSSUDU"
hex,4,1,7,"F 0 0 E","DSSUDSU"
hex,4,1,7,"F 4 0 3","DDSSSSU"
hex,4,1,7,"F 6 0 1","DSSSUDU"
hex,4,1,7,"F 7 0 0","DSSUDSU"
hex,4,1,7,"F 8 0 3","DSSSSSU"
hex,4,1,7,"F 8 0 5","DDSSSSU"
hex,4,1,7,"F 8 0 6","DSSSUDU"
hex,4,1,7,"F A 0 1","DDSSSSU"
hex,4,1,7,"F B 0 0","DSSSUDU"
hex,4,1,7,"F C 0 1","DSSSSSU"
hex,4,1,7,"F C 0 2","DDSSSSU"
hex,4,1,7,"F D 0 0","DDSSSSU"
hex,4,1,7,"F E 0 0","DSSSSSU"
hex,4,1,8,"0 0 F F","DSSSSSSU"
hex,4,1,8,"0 1 F E","DSSSSSSU"
hex,4,1,8,"0 2 F D","DDSSSSUU"
hex,4,1,8,"0 3 F C","DSSSSSSU"
hex,4,1,8,"0 5 F A","DDSSSSUU"
hex,4,1,8,"0 7 F 8","DSSSSSSU"
hex,4,1,8,"0 B F 4","DDSSSSUU"
hex,4,1,8,"0 C F 3","DSSUDUDU"
hex,4,1,8,"0 F F 0","DSSSSSSU"
hex,4,1,8,"1 7 E 8","DDSSSSUU"
hex,4,1,8,"1 8 E 7","DSUDSUDU"
hex,4,1,8,"1 9 E 6","DSSUDUDU"
hex,4,1,8,"1 C E 3","DSUDSUDU"
hex,4,1,8,"1 F E 0","DSSSSSSU"
hex,4,1,8,"2 A D 5","DSSDUSSU"
hex,4,1,8,"2 F D 0","DDSSSSUU"
hex,4,1,8,"3 0 C F","DSSUDUDU"
hex,4,1,8,"3 1 C E","DSUDSUDU"
hex,4,1,8,"3 3 C C","DSSUDUDU"
hex,4,1,8,"3 8 C 7","DSUDSUDU"
hex,4,1,8,"3 9 C 6","DSUDSUDU"
hex,4,1,8,"3 C C 3","DSSUDUDU"
hex,4,1,8,"3 F C 0","DSSSSSSU"
hex,4,1,8,"4 0 B F","DDSSSSUU"
hex,4,1,8,"4 A B 5","DSSDUSSU"
hex,4,1,8,"5 2 A D","DSSDUSSU"
hex,4,1,8,"5 4 A B","DSSDUSSU"
hex,4,1,8,"5 5 A A","DSSDUSSU"
hex,4,1,8,"5 6 A 9","DSSDUSSU"
hex,4,1,8,"5 A A 5","DSSDUSSU"
hex,4,1,8,"5 F A 0","DDSSSSUU"
hex,4,1,8,"6 1 9 E","DSSUDUDU"
hex,4,1,8,"6 3 9 C","DSUDSUDU"
hex,4,1,8,"6 7 9 8","DSSUDUDU"
hex,4,1,8,"6 A 9 5","DSSDUSSU"
hex,4,1,8,"7 1 8 E","DSUDSUDU"
hex,4,1,8,"7 3 8 C","DSUDSUDU"
hex,4,1,8,"7 9 8 6","DSSUDUDU"
hex,4,1,8,"7 E 8 1","DDSSSSUU"
hex,4,1,8,"7 F 8 0","DSSSSSSU"
hex,4,1,8,"8 0 7 F","DSSSSSSU"
hex,4,1,8,"8 1 7 E","DDSSSSUU"
hex,4,1,8,"8 6 7 9","DSSUDUDU"
hex,4,1,8,"8 C 7 3","DSUDSUDU"
hex,4,1,8,"8 E 7 1","DSUDSUDU"
hex,4,1,8,"9 5 6 A","DSSDUSSU"
hex,4,1,8,"9 8 6 7","DSSUDUDU"
hex,4,1,8,"9 C 6 3","DSUDSUDU"
hex,4,1,8,"9 E 6 1","DSSUDUDU"
hex,4,1,8,"A 0 5 F","DDSSSSUU"
hex,4,1,8,"A 5 5 A","DSSDUSSU"
hex,4,1,8,"A 9 5 6","DSSDUSSU"
hex,4,1,8,"A A 5 5","DSSDUSSU"
hex,4,1,8,"A B 5 4","DSSDUSSU"
hex,4,1,8,"A D 5 2","DSSDUSSU"
hex,4,1,8,"B 5 4 A","DSSDUSSU"
hex,4,1,8,"B F 4 0","DDSSSSUU"
hex,4,1,8,"C 0 3 F","DSSSSSSU"
hex,4,1,8,"C 3 3 C","DSSUDUDU"
hex,4,1,8,"C 6 3 9","DSUDSUDU"
hex,4,1,8,"C 7 3 8","DSUDSUDU"
hex,4,1,8,"C C 3 3","DSSUDUDU"
hex,4,1,8,"C E 3 1","DSUDSUDU"
hex,4,1,8,"C F 3 0","DSSUDUDU"
hex,4,1,8,"D 0 2 F","DDSSSSUU"
hex,4,1,8,"D 5 2 A","DSSDUSSU"
hex,4,1,8,"E 0 1 F","DSSSSSSU"
hex,4,1,8,"E 3 1 C","DSUDSUDU"
hex,4,1,8,"E 6 1 9","DSSUDUDU"
hex,4,1,8,"E 7 1 8","DSUDSUDU"
hex,4,1,8,"E 8 1 7","DDSSSSUU"
hex,4,1,8,"F 0 0 F","DSSSSSSU"
hex,4,1,8,"F 3 0 C","DSSUDUDU"
hex,4,1,8,"F 4 0 B","DDSSSSUU"
hex,4,1,8,"F 8 0 7","DSSSSSSU"
hex,4,1,8,"F A 0 5","DDSSSSUU"
hex,4,1,8,"F C 0 3","DSSSSSSU"
hex,4,1,8,"F D 0 2","DDSSSSUU"
hex,4,1,8,"F E 0 1","DSSSSSSU"
hex,4,1,8,"F F 0 0","DSSSSSSU"
hex,8,1,3,"0 0 0 1 6 0 0 0","DDU"
hex,8,1,3,"0 0 0 1 A 0 0 0","DDU"
hex,8,1,3,"0 0 0 2 C 0 0 0","DDU"
hex,8,1,3,"0 0 0 3 4 0 0 0","DDU"
hex,8,1,3,"0 0 0 5 8 0 0 0","DDU"
hex,8,1,3,"0 0 0 6 8 0 0 0","DDU"
hex,8,1,3,"4 0 0 0 0 0 0 3","DDU"
hex,8,1,3,"6 0 0 0 0 0 0 1","DDU"
hex,8,1,3,"8 0 0 0 0 0 0 5","DDU"
hex,8,1,3,"8 0 0 0 0 0 0 6","DDU"
hex,8,1,3,"A 0 0 0 0 0 0 1","DDU"
hex,8,1,3,"C 0 0 0 0 0 0 2","DDU"
hex,8,1,5,"0 0 0 3 5 8 0 0","DUDUS"
hex,8,1,5,"0 0 0 6 B 0 0 0","DUDUS"
hex,8,1,5,"0 0 0 D 6 0 0 0","DUDUS"
hex,8,1,5,"0 0 1 A C 0 0 0","DUDUS"
hex,8,1,5,"5 8 0 0 0 0 0 3","DUDUS"
hex,8,1,5,"6 0 0 0 0 0 0 D","DUDUS"
hex,8,1,5,"B 0 0 0 0 0 0 6","DUDUS"
hex,8,1,5,"C 0 0 0 0 0 1 A","DUDUS"
hex,8,1,6,"0 0 0 B 1 6 0 0","DDUDDU"
hex,8,1,6,"0 0 0 B 2 C 0 0","DDUDDU"
hex,8,1,6,"0 0 0 D 1 A 0 0","DDUDDU"
hex,8,1,6,"0 0 0 D 3 4 0 0","DDUDDU"
hex,8,1,6,"0 0 1 6 2 C 0 0","DDUDDU"
hex,8,1,6,"0 0 1 6 5 8 0 0","DDUDDU"
hex,8,1,6,"0 0 1 A 3 4 0 0","DDUDDU"
hex,8,1,6,"0 0 1 A 6 8 0 0","DDUDDU"
hex,8,1,6,"0 0 2 C 5 8 0 0","DDUDDU"
hex,8,1,6,"0 0 2 C B 0 0 0","DDUDDU"
hex,8,1,6,"0 0 3 4 6 8 0 0","DDUDDU"
hex,8,1,6,"0 0 3 4 D 0 0 0","DDUDDU"
hex,8,1,6,"0 0 5 8 B 0 0 0","DDUDDU"
hex,8,1,6,"0 0 6 8 D 0 0 0","DDUDDU"
hex,8,1,6,"1 6 0 0 0 0 0 B","DDUDDU"
hex,8,1,6,"1 A 0 0 0 0 0 D","DDUDDU"
hex,8,1,6,"2 C 0 0 0 0 0 B","DDUDDU"
hex,8,1,6,"2 C 0 0 0 0 1 6","DDUDDU"
hex,8,1,6,"3 4 0 0 0 0 0 D","DDUDDU"
hex,8,1,6,"3 4 0 0 0 0 1 A","DDUDDU"
hex,8,1,6,"5 8 0 0 0 0 1 6","DDUDDU"
hex,8,1,6,"5 8 0 0 0 0 2 C","DDUDDU"
hex,8,1,6,"6 8 0 0 0 0 1 A","DDUDDU"
hex,8,1,6,"6 8 0 0 0 0 3 4","DDUDDU"
hex,8,1,6,"B 0 0 0 0 0 2 C","DDUDDU"
hex,8,1,6,"B 0 0 0 0 0 5 8","DDUDDU"
hex,8,1,6,"D 0 0 0 0 0 3 4","DDUDDU"
hex,8,1,6,"D 0 0 0 0 0 6 8","DDUDDU"
hex,8,1,7,"0 0 1 4 0 4 A 3","DDUDUDU"
hex,8,1,7,"0 0 2 8 0 9 4 6","DDUDUDU"
hex,8,1,7,"0 0 5 0 1 2 8 C","DDUDUDU"
hex,8,1,7,"0 0 A 0 2 5 1 8","DDUDUDU"
hex,8,1,7,"0 1 4 0 0 6 2 9","DDUDUDU"
hex,8,1,7,"0 1 4 0 4 A 3 0","DDUDUDU"
hex,8,1,7,"0 2 0 1 0 8 D 2","DDDDUUU"
hex,8,1,7,"0 2 0 1 0 9 6 2","DDDDUUU"
hex,8,1,7,"0 2 0 1 0 C 5 2","DDDUDUU"
hex,8,1,7,"0 2 0 5 0 4 5 2","DDUDDUU"
hex,8,1,7,"0 2 5 1 0 5 0 2","DDUDDUU"
hex,8,1,7,"0 2 5 1 8 0 0 A","DDUDUDU"
hex,8,1,7,"0 2 8 0 0 C 5 2","DDUDUDU"
hex,8,1,7,"0 2 8 0 9 4 6 0","DDUDUDU"
hex,8,1,7,"0 4 0 2 1 1 A 4","DDDDUUU"
hex,8,1,7,"0 4 0 2 1 2 C 4","DDDDUUU"
hex,8,1,7,"0 4 0 2 1 8 A 4","DDDUDUU"
hex,8,1,7,"0 4 0 A 0 8 A 4","DDUDDUU"
hex,8,1,7,"0 4 5 2 0 2 0 5","DDUDDUU"
hex,8,1,7,"0 4 6 9 0 8 0 4","DDDDUUU"
hex,8,1,7,"0 4 A 2 0 A 0 4","DDUDDUU"
hex,8,1,7,"0 4 A 3 0 0 1 4","DDUDUDU"
hex,8,1,7,"0 4 A 3 0 8 0 4","DDDUDUU"
hex,8,1,7,"0 4 B 1 0 8 0 4","DDDDUUU"
hex,8,1,7,"0 5 0 0 1 8 A 4","DDUDUDU"
hex,8,1,7,"0 5 0 2 0 2 5 1","DDUDDUU"
hex,8,1,7,"0 6 2 9 0 1 4 0","DDUDUDU"
hex,8,1,7,"0 6 2 9 1 0 0 2","DDDUDUU"
hex,8,1,7,"0 8 0 1 1 2 8 C","DDDUDUU"
hex,8,1,7,"0 8 0 1 3 0 4 A","DDUDDUU"
hex,8,1,7,"0 8 0 4 0 4 6 9","DDDDUUU"
hex,8,1,7,"0 8 0 4 0 4 A 3","DDDUDUU"
hex,8,1,7,"0 8 0 4 0 4 B 1","DDDDUUU"
hex,8,1,7,"0 8 0 4 2 3 4 8","DDDDUUU"
hex,8,1,7,"0 8 0 4 2 5 8 8","DDDDUUU"
hex,8,1,7,"0 8 0 4 3 1 4 8","DDDUDUU"
hex,8,1,7,"0 8 1 4 1 1 4 8","DDUDDUU"
hex,8,1,7,"0 8 A 4 0 4 0 A","DDUDDUU"
hex,8,1,7,"0 8 D 2 0 2 0 1","DDDDUUU"
hex,8,1,7,"0 8 D 2 1 0 0 8","DDDDUUU"
hex,8,1,7,"0 9 4 4 1 4 0 8","DDUDDUU"
hex,8,1,7,"0 9 4 6 0 0 2 8","DDUDUDU"
hex,8,1,7,"0 9 4 6 1 0 0 8","DDDUDUU"
hex,8,1,7,"0 9 6 2 0 2 0 1","DDDDUUU"
hex,8,1,7,"0 9 6 2 1 0 0 8","DDDDUUU"
hex,8,1,7,"0 A 0 0 3 1 4 8","DDUDUDU"
hex,8,1,7,"0 A 0 4 0 4 A 2","DDUDDUU"
hex,8,1,7,"0 C 5 2 0 2 0 1","DDDUDUU"
hex,8,1,7,"0 C 5 2 0 2 8 0","DDUDUDU"
hex,8,1,7,"0 C 5 2 2 0 0 4","DDDUDUU"
hex,8,1,7,"1 0 0 2 0 6 2 9","DDDUDUU"
hex,8,1,7,"1 0 0 2 2 5 1 8","DDDUDUU"
hex,8,1,7,"1 0 0 2 6 0 9 4","DDUDDUU"
hex,8,1,7,"1 0 0 8 0 8 D 2","DDDDUUU"
hex,8,1,7,"1 0 0 8 0 9 4 6","DDDUDUU"
hex,8,1,7,"1 0 0 8 0 9 6 2","DDDDUUU"
hex,8,1,7,"1 0 0 8 4 6 9 0","DDDDUUU"
hex,8,1,7,"1 0 0 8 4 B 1 0","DDDDUUU"
hex,8,1,7,"1 0 0 8 6 2 9 0","DDDUDUU"
hex,8,1,7,"1 0 2 8 2 2 9 0","DDUDDUU"
hex,8,1,7,"1 1 4 8 0 8 1 4","DDUDDUU"
hex,8,1,7,"1 1 A 4 0 4 0 2","DDDDUUU"
hex,8,1,7,"1 1 A 4 2 0 1 0","DDDDUUU"
hex,8,1,7,"1 2 8 8 2 8 1 0","DDUDDUU"
hex,8,1,7,"1 2 8 C 0 0 5 0","DDUDUDU"
hex,8,1,7,"1 2 8 C 0 8 0 1","DDDUDUU"
hex,8,1,7,"1 2 8 C 2 0 1 0","DDDUDUU"
hex,8,1,7,"1 2 C 4 0 4 0 2","DDDDUUU"
hex,8,1,7,"1 2 C 4 2 0 1 0","DDDDUUU"
hex,8,1,7,"1 4 0 0 6 2 9 0","DDUDUDU"
hex,8,1,7,"1 4 0 8 0 9 4 4","DDUDDUU"
hex,8,1,7,"1 4 8 3 2 0 0 4","DDUDDUU"
hex,8,1,7,"1 8 A 4 0 4 0 2","DDDUDUU"
hex,8,1,7,"1 8 A 4 0 5 0 0","DDUDUDU"
hex,8,1,7,"1 8 A 4 4 0 0 8","DDDUDUU"
hex,8,1,7,"2 0 0 4 0 C 5 2","DDDUDUU"
hex,8,1,7,"2 0 0 4 1 4 8 3","DDUDDUU"
hex,8,1,7,"2 0 0 4 4 A 3 0","DDDUDUU"
hex,8,1,7,"2 0 0 4 C 1 2 8","DDUDDUU"
hex,8,1,7,"2 0 1 0 1 1 A 4","DDDDUUU"
hex,8,1,7,"2 0 1 0 1 2 8 C","DDDUDUU"
hex,8,1,7,"2 0 1 0 1 2 C 4","DDDDUUU"
hex,8,1,7,"2 0 1 0 8 D 2 0","DDDDUUU"
hex,8,1,7,"2 0 1 0 9 6 2 0","DDDDUUU"
hex,8,1,7,"2 0 1 0 C 5 2 0","DDDUDUU"
hex,8,1,7,"2 0 5 0 4 5 2 0","DDUDDUU"
hex,8,1,7,"2 2 9 0 1 0 2 8","DDUDDUU"
hex,8,1,7,"2 3 4 8 0 8 0 4","DDDDUUU"
hex,8,1,7,"2 3 4 8 4 0 2 0","DDDDUUU"
hex,8,1,7,"2 5 1 0 5 0 2 0","DDUDDUU"
hex,8,1,7,"2 5 1 8 0 0 A 0","DDUDUDU"
hex,8,1,7,"2 5 1 8 1 0 0 2","DDDUDUU"
hex,8,1,7,"2 5 1 8 4 0 2 0","DDDUDUU"
hex,8,1,7,"2 5 8 8 0 8 0 4","DDDDUUU"
hex,8,1,7,"2 5 8 8 4 0 2 0","DDDDUUU"
hex,8,1,7,"2 8 0 0 C 5 2 0","DDUDUDU"
hex,8,1,7,"2 8 1 0 1 2 8 8","DDUDDUU"
hex,8,1,7,"2 9 0 6 4 0 0 8","DDUDDUU"
hex,8,1,7,"3 0 4 A 0 8 0 1","DDUDDUU"
hex,8,1,7,"3 1 4 8 0 8 0 4","DDDUDUU"
hex,8,1,7,"3 1 4 8 0 A 0 0","DDUDUDU"
hex,8,1,7,"3 1 4 8 8 0 1 0","DDDUDUU"
hex,8,1,7,"4 0 0 8 1 8 A 4","DDDUDUU"
hex,8,1,7,"4 0 0 8 2 9 0 6","DDUDDUU"
hex,8,1,7,"4 0 0 8 9 4 6 0","DDDUDUU"
hex,8,1,7,"4 0 2 0 2 3 4 8","DDDDUUU"
hex,8,1,7,"4 0 2 0 2 5 1 8","DDDUDUU"
hex,8,1,7,"4 0 2 0 2 5 8 8","DDDDUUU"
hex,8,1,7,"4 0 A 0 8 A 4 0","DDUDDUU"
hex,8,1,7,"4 5 2 0 2 0 5 0","DDUDDUU"
hex,8,1,7,"4 6 9 0 1 0 0 8","DDDDUUU"
hex,8,1,7,"4 6 9 0 8 0 4 0","DDDDUUU"
hex,8,1,7,"4 A 2 0 A 0 4 0","DDUDDUU"
hex,8,1,7,"4 A 3 0 0 1 4 0","DDUDUDU"
hex,8,1,7,"4 A 3 0 2 0 0 4","DDDUDUU"
hex,8,1,7,"4 A 3 0 8 0 4 0","DDDUDUU"
hex,8,1,7,"4 B 1 0 1 0 0 8","DDDDUUU"
hex,8,1,7,"4 B 1 0 8 0 4 0","DDDDUUU"
hex,8,1,7,"5 0 0 1 8 A 4 0","DDUDUDU"
hex,8,1,7,"5 0 2 0 2 5 1 0","DDUDDUU"
hex,8,1,7,"5 2 0 C 8 0 1 0","DDUDDUU"
hex,8,1,7,"6 0 9 4 1 0 0 2","DDUDDUU"
hex,8,1,7,"6 2 9 0 1 0 0 8","DDDUDUU"
hex,8,1,7,"6 2 9 0 1 4 0 0","DDUDUDU"
hex,8,1,7,"8 0 0 A 0 2 5 1","DDUDUDU"
hex,8,1,7,"8 0 1 0 3 1 4 8","DDDUDUU"
hex,8,1,7,"8 0 1 0 5 2 0 C","DDUDDUU"
hex,8,1,7,"8 0 4 0 4 6 9 0","DDDDUUU"
hex,8,1,7,"8 0 4 0 4 A 3 0","DDDUDUU"
hex,8,1,7,"8 0 4 0 4 B 1 0","DDDDUUU"
hex,8,1,7,"8 A 4 0 4 0 A 0","DDUDDUU"
hex,8,1,7,"8 A 4 0 5 0 0 1","DDUDUDU"
hex,8,1,7,"8 D 2 0 2 0 1 0","DDDDUUU"
hex,8,1,7,"9 4 6 0 0 2 8 0","DDUDUDU"
hex,8,1,7,"9 4 6 0 4 0 0 8","DDDUDUU"
hex,8,1,7,"9 6 2 0 2 0 1 0","DDDDUUU"
hex,8,1,7,"A 0 4 0 4 A 2 0","DDUDDUU"
hex,8,1,7,"C 1 2 8 2 0 0 4","DDUDDUU"
hex,8,1,7,"C 5 2 0 2 0 1 0","DDDUDUU"
hex,8,1,7,"C 5 2 0 2 8 0 0","DDUDUDU"
hex,8,1,8,"0 0 0 B 0 6 B 0","DDUDUSDU"
hex,8,1,8,"0 0 0 B 0 D 6 0","DDUDUSDU"
hex,8,1,8,"0 0 0 B 1 A C 0","DDUDUSDU"
hex,8,1,8,"0 0 0 B 3 5 8 0","DDUDUSDU"
hex,8,1,8,"0 0 0 D 0 6 B 0","DDUDUSDU"
hex,8,1,8,"0 0 0 D 0 D 6 0","DDUDUSDU"
hex,8,1,8,"0 0 0 D 1 A C 0","DDUDUSDU"
hex,8,1,8,"0 0 0 D 3 5 8 0","DDUDUSDU"
hex,8,1,8,"0 0 1 6 0 D 6 0","DDUDUSDU"
hex,8,1,8,"0 0 1 6 1 A C 0","DDUDUSDU"
hex,8,1,8,"0 0 1 6 3 5 8 0","DDUDUSDU"
hex,8,1,8,"0 0 1 6 6 B 0 0","DDUDUSDU"
hex,8,1,8,"0 0 1 A 0 D 6 0","DDUDUSDU"
hex,8,1,8,"0 0 1 A 1 A C 0","DDUDUSDU"
hex,8,1,8,"0 0 1 A 3 5 8 0","DDUDUSDU"
hex,8,1,8,"0 0 1 A 6 B 0 0","DDUDUSDU"
hex,8,1,8,"0 0 2 C 1 A C 0","DDUDUSDU"
hex,8,1,8,"0 0 2 C 3 5 8 0","DDUDUSDU"
hex,8,1,8,"0 0 2 C 6 B 0 0","DDUDUSDU"
hex,8,1,8,"0 0 2 C D 6 0 0","DDUDUSDU"
hex,8,1,8,"0 0 3 4 1 A C 0","DDUDUSDU"
hex,8,1,8,"0 0 3 4 3 5 8 0","DDUDUSDU"
hex,8,1,8,"0 0 3 4 6 B 0 0","DDUDUSDU"
hex,8,1,8,"0 0 3 4 D 6 0 0","DDUDUSDU"
hex,8,1,8,"0 0 5 4 6 2 0 9","DDUDSUDU"
hex,8,1,8,"0 0 5 8 3 5 8 0","DDUDUSDU"
hex,8,1,8,"0 0 5 8 6 B 0 0","DDUDUSDU"
hex,8,1,8,"0 0 5 8 D 6 0 0","DDUDUSDU"
hex,8,1,8,"0 0 6 8 3 5 8 0","DDUDUSDU"
hex,8,1,8,"0 0 6 8 6 B 0 0","DDUDUSDU"
hex,8,1,8,"0 0 6 8 D 6 0 0","DDUDUSDU"
hex,8,1,8,"0 0 6 B 0 5 8 0","DDUDUSDU"
hex,8,1,8,"0 0 6 B 0 6 8 0","DDUDUSDU"
hex,8,1,8,"0 0 6 B 0 B 0 0","DDUDUSDU"
hex,8,1,8,"0 0 6 B 0 D 0 0","DDUDUSDU"
hex,8,1,8,"0 0 6 B 1 6 0 0","DDUDUSDU"
hex,8,1,8,"0 0 6 B 1 A 0 0","DDUDUSDU"
hex,8,1,8,"0 0 6 B 2 C 0 0","DDUDUSDU"
hex,8,1,8,"0 0 6 B 3 4 0 0","DDUDUSDU"
hex,8,1,8,"0 0 A 8 C 4 1 2","DDUDSUDU"
hex,8,1,8,"0 0 B 0 6 B 0 0","DDUDUSDU"
hex,8,1,8,"0 0 B 0 D 6 0 0","DDUDUSDU"
hex,8,1,8,"0 0 D 0 6 2 0 9","DDUDDUDU"
hex,8,1,8,"0 0 D 0 6 B 0 0","DDUDUSDU"
hex,8,1,8,"0 0 D 0 D 6 0 0","DDUDUSDU"
hex,8,1,8,"0 0 D 6 0 B 0 0","DDUDUSDU"
hex,8,1,8,"0 0 D 6 0 D 0 0","DDUDUSDU"
hex,8,1,8,"0 0 D 6 1 6 0 0","DDUDUSDU"
hex,8,1,8,"0 0 D 6 1 A 0 0","DDUDUSDU"
hex,8,1,8,"0 0 D 6 2 C 0 0","DDUDUSDU"
hex,8,1,8,"0 0 D 6 3 4 0 0","DDUDUSDU"
hex,8,1,8,"0 0 D 6 5 8 0 0","DDUDUSDU"
hex,8,1,8,"0 0 D 6 6 8 0 0","DDUDUSDU"
hex,8,1,8,"0 1 6 0 D 6 0 0","DDUDUSDU"
hex,8,1,8,"0 1 A 0 6 2 0 9","DDUDDUDU"
hex,8,1,8,"0 1 A 0 C 4 1 2","DDUDDUDU"
hex,8,1,8,"0 1 A 0 D 6 0 0","DDUDUSDU"
hex,8,1,8,"0 1 A C 1 6 0 0","DDUDUSDU"
hex,8,1,8,"0 1 A C 1 A 0 0","DDUDUSDU"
hex,8,1,8,"0 1 A C 2 C 0 0","DDUDUSDU"
hex,8,1,8,"0 1 A C 3 4 0 0","DDUDUSDU"
hex,8,1,8,"0 1 A C 5 8 0 0","DDUDUSDU"
hex,8,1,8,"0 1 A C 6 8 0 0","DDUDUSDU"
hex,8,1,8,"0 1 A C B 0 0 0","DDUDUSDU"
hex,8,1,8,"0 1 A C D 0 0 0","DDUDUSDU"
hex,8,1,8,"0 2 0 5 0 8 D 2","DDDUUDUU"
hex,8,1,8,"0 2 5 1 8 1 2 8","DDUDDUDU"
hex,8,1,8,"0 2 C 0 4 8 2 3","DDUDDUDU"
hex,8,1,8,"0 3 4 0 C 4 1 2","DDUDDUDU"
hex,8,1,8,"0 3 5 8 2 C 0 0","DDUDUSDU"
hex,8,1,8,"0 3 5 8 3 4 0 0","DDUDUSDU"
hex,8,1,8,"0 3 5 8 5 8 0 0","DDUDUSDU"
hex,8,1,8,"0 3 5 8 6 8 0 0","DDUDUSDU"
hex,8,1,8,"0 3 5 8 B 0 0 0","DDUDUSDU"
hex,8,1,8,"0 3 5 8 D 0 0 0","DDUDUSDU"
hex,8,1,8,"0 4 0 A 1 1 A 4","DDDUUDUU"
hex,8,1,8,"0 4 B 1 0 A 0 4","DDDUUDUU"
hex,8,1,8,"0 5 8 0 0 0 6 B","DDUDUSDU"
hex,8,1,8,"0 5 8 0 4 8 2 3","DDUDDUDU"
hex,8,1,8,"0 5 8 0 9 0 4 6","DDUDDUDU"
hex,8,1,8,"0 6 8 0 0 0 6 B","DDUDUSDU"
hex,8,1,8,"0 6 B 0 0 0 0 B","DDUDUSDU"
hex,8,1,8,"0 6 B 0 0 0 0 D","DDUDUSDU"
hex,8,1,8,"0 6 B 0 5 8 0 0","DDUDUSDU"
hex,8,1,8,"0 6 B 0 6 8 0 0","DDUDUSDU"
hex,8,1,8,"0 6 B 0 B 0 0 0","DDUDUSDU"
hex,8,1,8,"0 6 B 0 D 0 0 0","DDUDUSDU"
hex,8,1,8,"0 8 1 4 2 3 4 8","DDDUUDUU"
hex,8,1,8,"0 8 D 2 0 2 0 5","DDDUUDUU"
hex,8,1,8,"0 9 6 2 1 4 0 8","DDDUUDUU"
hex,8,1,8,"0 A 0 4 0 4 B 1","DDDUUDUU"
hex,8,1,8,"0 B 0 0 0 0 6 B","DDUDUSDU"
hex,8,1,8,"0 B 0 0 0 0 D 6","DDUDUSDU"
hex,8,1,8,"0 B 0 0 9 0 4 6","DDUDDUDU"
hex,8,1,8,"0 D 0 0 0 0 6 B","DDUDUSDU"
hex,8,1,8,"0 D 0 0 0 0 D 6","DDUDUSDU"
hex,8,1,8,"0 D 6 0 0 0 0 B","DDUDUSDU"
hex,8,1,8,"0 D 6 0 0 0 0 D","DDUDUSDU"
hex,8,1,8,"0 D 6 0 0 0 1 6","DDUDUSDU"
hex,8,1,8,"0 D 6 0 0 0 1 A","DDUDUSDU"
hex,8,1,8,"0 D 6 0 B 0 0 0","DDUDUSDU"
hex,8,1,8,"0 D 6 0 D 0 0 0","DDUDUSDU"
hex,8,1,8,"1 0 2 8 4 6 9 0","DDDUUDUU"
hex,8,1,8,"1 1 A 4 0 4 0 A","DDDUUDUU"
hex,8,1,8,"1 2 C 4 2 8 1 0","DDDUUDUU"
hex,8,1,8,"1 4 0 8 0 9 6 2","DDDUUDUU"
hex,8,1,8,"1 4 8 1 8 A 4 0","DDUDDUDU"
hex,8,1,8,"1 5 0 0 4 8 2 3","DDUDSUDU"
hex,8,1,8,"1 6 0 0 0 0 6 B","DDUDUSDU"
hex,8,1,8,"1 6 0 0 0 0 D 6","DDUDUSDU"
hex,8,1,8,"1 6 0 0 0 1 A C","DDUDUSDU"
hex,8,1,8,"1 A 0 0 0 0 6 B","DDUDUSDU"
hex,8,1,8,"1 A 0 0 0 0 D 6","DDUDUSDU"
hex,8,1,8,"1 A 0 0 0 1 A C","DDUDUSDU"
hex,8,1,8,"1 A C 0 0 0 0 B","DDUDUSDU"
hex,8,1,8,"1 A C 0 0 0 0 D","DDUDUSDU"
hex,8,1,8,"1 A C 0 0 0 1 6","DDUDUSDU"
hex,8,1,8,"1 A C 0 0 0 1 A","DDUDUSDU"
hex,8,1,8,"1 A C 0 0 0 2 C","DDUDUSDU"
hex,8,1,8,"1 A C 0 0 0 3 4","DDUDUSDU"
hex,8,1,8,"2 0 5 0 8 D 2 0","DDDUUDUU"
hex,8,1,8,"2 3 4 8 0 8 1 4","DDDUUDUU"
hex,8,1,8,"2 5 8 8 5 0 2 0","DDDUUDUU"
hex,8,1,8,"2 8 1 0 1 2 C 4","DDDUUDUU"
hex,8,1,8,"2 A 0 0 9 0 4 6","DDUDSUDU"
hex,8,1,8,"2 C 0 0 0 0 6 B","DDUDUSDU"
hex,8,1,8,"2 C 0 0 0 0 D 6","DDUDUSDU"
hex,8,1,8,"2 C 0 0 0 1 A C","DDUDUSDU"
hex,8,1,8,"2 C 0 0 0 3 5 8","DDUDUSDU"
hex,8,1,8,"3 4 0 0 0 0 6 B","DDUDUSDU"
hex,8,1,8,"3 4 0 0 0 0 D 6","DDUDUSDU"
hex,8,1,8,"3 4 0 0 0 1 A C","DDUDUSDU"
hex,8,1,8,"3 4 0 0 0 3 5 8","DDUDUSDU"
hex,8,1,8,"3 5 8 0 0 0 0 B","DDUDUSDU"
hex,8,1,8,"3 5 8 0 0 0 0 D","DDUDUSDU"
hex,8,1,8,"3 5 8 0 0 0 1 6","DDUDUSDU"
hex,8,1,8,"3 5 8 0 0 0 1 A","DDUDUSDU"
hex,8,1,8,"3 5 8 0 0 0 2 C","DDUDUSDU"
hex,8,1,8,"3 5 8 0 0 0 3 4","DDUDUSDU"
hex,8,1,8,"3 5 8 0 0 0 5 8","DDUDUSDU"
hex,8,1,8,"3 5 8 0 0 0 6 8","DDUDUSDU"
hex,8,1,8,"4 6 9 0 1 0 2 8","DDDUUDUU"
hex,8,1,8,"4 8 2 3 0 2 C 0","DDUDDUDU"
hex,8,1,8,"4 8 2 3 0 5 8 0","DDUDDUDU"
hex,8,1,8,"4 8 2 3 1 5 0 0","DDUDSUDU"
hex,8,1,8,"4 B 1 0 A 0 4 0","DDDUUDUU"
hex,8,1,8,"5 0 2 0 2 5 8 8","DDDUUDUU"
hex,8,1,8,"5 8 0 0 0 0 D 6","DDUDUSDU"
hex,8,1,8,"5 8 0 0 0 1 A C","DDUDUSDU"
hex,8,1,8,"5 8 0 0 0 3 5 8","DDUDUSDU"
hex,8,1,8,"5 8 0 0 0 6 B 0","DDUDUSDU"
hex,8,1,8,"6 2 0 9 0 0 5 4","DDUDSUDU"
hex,8,1,8,"6 2 0 9 0 0 D 0","DDUDDUDU"
hex,8,1,8,"6 2 0 9 0 1 A 0","DDUDDUDU"
hex,8,1,8,"6 8 0 0 0 0 D 6","DDUDUSDU"
hex,8,1,8,"6 8 0 0 0 1 A C","DDUDUSDU"
hex,8,1,8,"6 8 0 0 0 3 5 8","DDUDUSDU"
hex,8,1,8,"6 8 0 0 0 6 B 0","DDUDUSDU"
hex,8,1,8,"6 B 0 0 0 0 1 6","DDUDUSDU"
hex,8,1,8,"6 B 0 0 0 0 1 A","DDUDUSDU"
hex,8,1,8,"6 B 0 0 0 0 2 C","DDUDUSDU"
hex,8,1,8,"6 B 0 0 0 0 3 4","DDUDUSDU"
hex,8,1,8,"6 B 0 0 0 0 5 8","DDUDUSDU"
hex,8,1,8,"6 B 0 0 0 0 6 8","DDUDUSDU"
hex,8,1,8,"6 B 0 0 0 0 B 0","DDUDUSDU"
hex,8,1,8,"6 B 0 0 0 0 D 0","DDUDUSDU"
hex,8,1,8,"8 1 2 8 0 2 5 1","DDUDDUDU"
hex,8,1,8,"8 A 4 0 1 4 8 1","DDUDDUDU"
hex,8,1,8,"8 D 2 0 2 0 5 0","DDDUUDUU"
hex,8,1,8,"9 0 4 6 0 5 8 0","DDUDDUDU"
hex,8,1,8,"9 0 4 6 0 B 0 0","DDUDDUDU"
hex,8,1,8,"9 0 4 6 2 A 0 0","DDUDSUDU"
hex,8,1,8,"A 0 4 0 4 B 1 0","DDDUUDUU"
hex,8,1,8,"B 0 0 0 0 1 A C","DDUDUSDU"
hex,8,1,8,"B 0 0 0 0 3 5 8","DDUDUSDU"
hex,8,1,8,"B 0 0 0 0 6 B 0","DDUDUSDU"
hex,8,1,8,"B 0 0 0 0 D 6 0","DDUDUSDU"
hex,8,1,8,"C 4 1 2 0 0 A 8","DDUDSUDU"
hex,8,1,8,"C 4 1 2 0 1 A 0","DDUDDUDU"
hex,8,1,8,"C 4 1 2 0 3 4 0","DDUDDUDU"
hex,8,1,8,"D 0 0 0 0 1 A C","DDUDUSDU"
hex,8,1,8,"D 0 0 0 0 3 5 8","DDUDUSDU"
hex,8,1,8,"D 0 0 0 0 6 B 0","DDUDUSDU"
hex,8,1,8,"D 0 0 0 0 D 6 0","DDUDUSDU"
hex,8,1,8,"D 6 0 0 0 0 2 C","DDUDUSDU"
hex,8,1,8,"D 6 0 0 0 0 3 4","DDUDUSDU"
hex,8,1,8,"D 6 0 0 0 0 5 8","DDUDUSDU"
hex,8,1,8,"D 6 0 0 0 0 6 8","DDUDUSDU"
hex,8,1,8,"D 6 0 0 0 0 B 0","DDUDUSDU"
hex,8,1,8,"D 6 0 0 0 0 D 0","DDUDUSDU"
hex,8,1,8,"D 6 0 0 0 1 6 0","DDUDUSDU"
hex,8,1,8,"D 6 0 0 0 1 A 0","DDUDUSDU"
hex,8,1,9,"0 2 2 9 0 8 D 2","DDDUUDDUU"
hex,8,1,9,"0 4 5 2 1 1 A 4","DDDUUDDUU"
hex,8,1,9,"0 4 5 2 6 0 0 D","DDUDUSDUU"
hex,8,1,9,"0 4 B 1 0 9 4 4","DDDUUDDUU"
hex,8,1,9,"0 8 A 4 2 3 4 8","DDDUUDDUU"
hex,8,1,9,"0 8 A 4 C 0 1 A","DDUDUSDUU"
hex,8,1,9,"0 8 D 2 0 2 2 9","DDDUUDDUU"
hex,8,1,9,"0 9 4 4 0 4 B 1","DDDUUDDUU"
hex,8,1,9,"0 9 6 2 1 2 8 8","DDDUUDDUU"
hex,8,1,9,"1 1 4 8 4 6 9 0","DDDUUDDUU"
hex,8,1,9,"1 1 A 4 0 4 5 2","DDDUUDDUU"
hex,8,1,9,"1 2 8 8 0 9 6 2","DDDUUDDUU"
hex,8,1,9,"1 2 C 4 2 5 1 0","DDDUUDDUU"
hex,8,1,9,"2 1 0 C 8 A 4 1","DDUDDUSDU"
hex,8,1,9,"2 2 9 0 8 D 2 0","DDDUUDDUU"
hex,8,1,9,"2 3 4 8 0 8 A 4","DDDUUDDUU"
hex,8,1,9,"2 5 1 0 1 2 C 4","DDDUUDDUU"
hex,8,1,9,"2 5 1 0 5 8 0 3","DDUDUSDUU"
hex,8,1,9,"2 5 8 8 4 A 2 0","DDDUUDDUU"
hex,8,1,9,"3 0 8 4 8 2 5 1","DDUDDUSDU"
hex,8,1,9,"4 6 9 0 1 1 4 8","DDDUUDDUU"
hex,8,1,9,"4 A 2 0 2 5 8 8","DDDUUDDUU"
hex,8,1,9,"4 A 2 0 B 0 0 6","DDUDUSDUU"
hex,8,1,9,"4 B 1 0 9 4 4 0","DDDUUDDUU"
hex,8,1,9,"5 8 0 3 2 5 1 0","DDUDUSDUU"
hex,8,1,9,"6 0 0 D 0 4 5 2","DDUDUSDUU"
hex,8,1,9,"8 2 5 1 3 0 8 4","DDUDDUSDU"
hex,8,1,9,"8 A 4 1 2 1 0 C","DDUDDUSDU"
hex,8,1,9,"8 D 2 0 2 2 9 0","DDDUUDDUU"
hex,8,1,9,"9 4 4 0 4 B 1 0","DDDUUDDUU"
hex,8,1,9,"B 0 0 6 4 A 2 0","DDUDUSDUU"
hex,8,1,9,"C 0 1 A 0 8 A 4","DDUDUSDUU"
hex,8,1,10,"0 0 6 B 3 5 8 0","DUDUSDUDUS"
hex,8,1,10,"0 0 D 6 6 B 0 0","DUDUSDUDUS"
hex,8,1,10,"0 1 A C D 6 0 0","DUDUSDUDUS"
hex,8,1,10,"0 3 5 8 1 4 8 3","DDUDUSDUDU"
hex,8,1,10,"0 3 5 8 1 8 2 5","DDUDUSDUDU"
hex,8,1,10,"0 6 B 0 2 9 0 6","DDUDUSDUDU"
hex,8,1,10,"0 6 B 0 3 0 4 A","DDUDUSDUDU"
hex,8,1,10,"0 D 6 0 5 2 0 C","DDUDUSDUDU"
hex,8,1,10,"0 D 6 0 6 0 9 4","DDUDUSDUDU"
hex,8,1,10,"1 4 8 3 0 3 5 8","DDUDUSDUDU"
hex,8,1,10,"1 8 2 5 0 3 5 8","DDUDUSDUDU"
hex,8,1,10,"1 A C 0 A 4 1 8","DDUDUSDUDU"
hex,8,1,10,"1 A C 0 C 1 2 8","DDUDUSDUDU"
hex,8,1,10,"2 9 0 6 0 6 B 0","DDUDUSDUDU"
hex,8,1,10,"2 9 0 6 4 2 A 1","DDUDDUUDSU"
hex,8,1,10,"3 0 4 A 0 6 B 0","DDUDUSDUDU"
hex,8,1,10,"3 0 4 A 4 2 A 1","DDUDDUUDSU"
hex,8,1,10,"3 5 8 0 0 0 6 B","DUDUSDUDUS"
hex,8,1,10,"4 2 A 1 2 9 0 6","DDUDDUUDSU"
hex,8,1,10,"4 2 A 1 3 0 4 A","DDUDDUUDSU"
hex,8,1,10,"5 2 0 C 0 D 6 0","DDUDUSDUDU"
hex,8,1,10,"5 2 0 C 8 5 4 2","DDUDDUUDSU"
hex,8,1,10,"6 0 9 4 0 D 6 0","DDUDUSDUDU"
hex,8,1,10,"6 0 9 4 8 5 4 2","DDUDDUUDSU"
hex,8,1,10,"6 B 0 0 0 0 D 6","DUDUSDUDUS"
hex,8,1,10,"8 5 4 2 5 2 0 C","DDUDDUUDSU"
hex,8,1,10,"8 5 4 2 6 0 9 4","DDUDDUUDSU"
hex,8,1,10,"A 4 1 8 1 A C 0","DDUDUSDUDU"
hex,8,1,10,"C 1 2 8 1 A C 0","DDUDUSDUDU"
hex,8,1,10,"D 6 0 0 0 1 A C","DUDUSDUDUS"